{
  "openapi": "3.0.0",
  "info": {
    "title": "CCN",
    "description": "CCN Chat API",
    "version": "1.0.0"
  },
  "servers": [
    {
      "url": "http://localhost:3000/"
    }
  ],
  "tags": [
    {
      "name": "user",
      "description": "auth enpoints"
    }
  ],
  "paths": {
    "/api/auth/send-otp": {
      "post": {
        "description": "",
        "responses": {
          "default": {
            "description": ""
          }
        }
      }
    },
    "/api/auth/create-account": {
      "post": {
        "description": "",
        "responses": {
          "default": {
            "description": ""
          }
        }
      }
    },
    "/api/auth/signin": {
      "post": {
        "description": "",
        "responses": {
          "default": {
            "description": ""
          }
        }
      }
    },
    "/api/auth/create-pin": {
      "post": {
        "description": "",
        "responses": {
          "default": {
            "description": ""
          }
        }
      }
    },
    "/api/auth/change-password": {
      "post": {
        "description": "",
        "responses": {
          "default": {
            "description": ""
          }
        }
      }
    },
    "/api/auth/forgot-password": {
      "post": {
        "description": "",
        "responses": {
          "default": {
            "description": ""
          }
        }
      }
    },
    "/api/auth/reset-password": {
      "post": {
        "description": "",
        "responses": {
          "default": {
            "description": ""
          }
        }
      }
    },
    "/api/auth/verify-otp": {
      "put": {
        "description": "",
        "responses": {
          "default": {
            "description": ""
          }
        }
      }
    },
    "/api/user/update-details": {
      "put": {
        "description": "",
        "responses": {
          "default": {
            "description": ""
          }
        }
      }
    },
    "/api/file/files": {
      "get": {
        "description": "",
        "responses": {
          "default": {
            "description": ""
          }
        }
      }
    },
    "/api/file/{fileId}": {
      "get": {
        "description": "",
        "parameters": [
          {
            "name": "fileId",
            "in": "path",
            "required": true,
            "schema": {
              "type": "string"
            }
          }
        ],
        "responses": {
          "default": {
            "description": ""
          }
        }
      }
    },
    "/api/file/sendfile": {
      "post": {
        "description": "",
        "responses": {
          "default": {
            "description": ""
          }
        }
      }
    },
    "/api/file/forward-file": {
      "post": {
        "description": "",
        "responses": {
          "default": {
            "description": ""
          }
        }
      }
    },
    "/api/file/{Id}": {
      "put": {
        "description": "",
        "parameters": [
          {
            "name": "Id",
            "in": "path",
            "required": true,
            "schema": {
              "type": "string"
            }
          }
        ],
        "responses": {
          "default": {
            "description": ""
          }
        }
      }
    },
    "/api/file/{id}": {
      "delete": {
        "description": "",
        "parameters": [
          {
            "name": "id",
            "in": "path",
            "required": true,
            "schema": {
              "type": "string"
            }
          }
        ],
        "responses": {
          "default": {
            "description": ""
          }
        }
      }
    },

    "/api/subscription/create-subscription": {
      "post": {
        "description": "",
        "parameters": [
          {
            "name": "authorization",
            "in": "header",
            "schema": {
              "type": "string"
            }
          }
        ],
        "responses": {
          "401": {
            "description": "Unauthorized"
          },
          "500": {
            "description": "Internal Server Error"
          }
        }
      }
    },
    "/api/subscription/subscribe": {
      "post": {
        "description": "",
        "parameters": [
          {
            "name": "authorization",
            "in": "header",
            "schema": {
              "type": "string"
            }
          }
        ],
        "responses": {
          "401": {
            "description": "Unauthorized"
          },
          "500": {
            "description": "Internal Server Error"
          }
        }
      }
    },
    "/api/subscription/": {
      "get": {
        "description": "",
        "parameters": [
          {
            "name": "authorization",
            "in": "header",
            "schema": {
              "type": "string"
            }
          }
        ],
        "responses": {
          "401": {
            "description": "Unauthorized"
          },
          "500": {
            "description": "Internal Server Error"
          }
        }
      }
    },
    "/api/subscription/{id}": {
      "put": {
        "description": "",
        "parameters": [
          {
            "name": "id",
            "in": "path",
            "required": true,
            "schema": {
              "type": "string"
            }
          },
          {
            "name": "authorization",
            "in": "header",
            "schema": {
              "type": "string"
            }
          }
        ],
        "responses": {
          "401": {
            "description": "Unauthorized"
          },
          "500": {
            "description": "Internal Server Error"
          }
        }
      },
      "delete": {
        "description": "",
        "parameters": [
          {
            "name": "id",
            "in": "path",
            "required": true,
            "schema": {
              "type": "string"
            }
          },
          {
            "name": "authorization",
            "in": "header",
            "schema": {
              "type": "string"
            }
          }
        ],
        "responses": {
          "401": {
            "description": "Unauthorized"
          },
          "500": {
            "description": "Internal Server Error"
          }
        }
      }
    },
    "/api/subscription/verify-payment": {
      "put": {
        "description": "",
        "parameters": [
          {
            "name": "authorization",
            "in": "header",
            "schema": {
              "type": "string"
            }
          }
        ],
        "responses": {
          "401": {
            "description": "Unauthorized"
          },
          "500": {
            "description": "Internal Server Error"
          }
        }
      }
    }
  },
  "components": {
    "securitySchemes": {
      "bearerAuth": {
        "type": "http",
        "scheme": "bearer"
      }
    },
    "schemas": {
      "User": {
        "type": "object",
        "properties": {
          "type": {
            "type": "string",
            "example": "object"
          },
          "properties": {
            "type": "object",
            "properties": {
              "id": {
                "type": "object",
                "properties": {
                  "type": {
                    "type": "string",
                    "example": "string"
                  }
                }
              },
              "username": {
                "type": "object",
                "properties": {
                  "type": {
                    "type": "string",
                    "example": "string"
                  }
                }
              }
            }
          }
        }
      }
    }
  }

}